{
	"Afghanistan": {
		"code": "af",
		"currency": "AFN",
		"currency_fraction": "Pul",
		"currency_fraction_units": 100,
		"currency_symbol": "؋",
		"number_format": "#,###.##",
		"timezones": ["Asia/Kabul"],
		"calling_code": "93"
	},
	"Albania": {
		"code": "al",
		"currency": "ALL",
		"currency_fraction": "Qindarkë",
		"currency_fraction_units": 100,
		"currency_name": "Lek",
		"currency_symbol": "L",
		"number_format": "#,###.##",
		"timezones": ["Europe/Tirane"],
		"calling_code": "355"
	},
	"Algeria": {
		"code": "dz",
		"currency": "DZD",
		"currency_fraction": "Santeem",
		"currency_fraction_units": 100,
		"currency_name": "Algerian Dinar",
		"currency_symbol": "د.ج",
		"number_format": "#,###.##",
		"timezones": ["Africa/Algiers"],
		"calling_code": "213"
	},
	"American Samoa": {
		"code": "as",
		"number_format": "#,###.##",
		"calling_code": "1684"
	},
	"Andorra": {
		"code": "ad",
		"currency": "EUR",
		"currency_fraction": "Cent",
		"currency_fraction_units": 100,
		"smallest_currency_fraction_value": 0.01,
		"currency_symbol": "€",
		"number_format": "#,###.##",
		"timezones": ["Europe/Andorra"],
		"calling_code": "376"
	},
	"Angola": {
		"code": "ao",
		"currency": "KZ",
		"currency_fraction": "Cêntimo",
		"currency_fraction_units": 100,
		"currency_symbol": "AOA",
		"currency_name": "Kwanza",
		"number_format": "#,###.##",
		"timezones": ["Africa/Luanda"],
		"calling_code": "244"
	},
	"Anguilla": {
		"code": "ai",
		"currency_fraction": "Cent",
		"currency_fraction_units": 100,
		"currency_symbol": "$",
		"currency_name": "Eastern Carribean Dollar",
		"currency": "XCD",
		"number_format": "#,###.##",
		"timezones": ["America/Anguilla"],
		"calling_code": "1264"
	},
	"Antarctica": {
		"code": "aq",
		"number_format": "#,###.##",
		"timezones": ["Antarctica/Casey", "Antarctica/Davis", "Antarctica/DumontDUrville", "Antarctica/Macquarie", "Antarctica/Mawson", "Antarctica/McMurdo", "Antarctica/Palmer", "Antarctica/Rothera", "Antarctica/Syowa", "Antarctica/Vostok"],
		"calling_code": null
	},
	"Antigua and Barbuda": {
		"code": "ag",
		"currency_fraction": "Cent",
		"currency_fraction_units": 100,
		"currency_symbol": "$",
		"currency_name": "Eastern Carribean Dollar",
		"currency": "XCD",
		"number_format": "#,###.##",
		"timezones": ["America/Antigua"],
		"calling_code": "1268"
	},
	"Argentina": {
		"code": "ar",
		"currency": "ARS",
		"currency_fraction": "Centavo",
		"currency_fraction_units": 100,
		"currency_name": "Argentine Peso",
		"currency_symbol": "$",
		"number_format": "#.###,##",
		"timezones": ["America/Argentina/Buenos_Aires", "America/Argentina/Catamarca", "America/Argentina/Cordoba", "America/Argentina/Jujuy", "America/Argentina/La_Rioja", "America/Argentina/Mendoza", "America/Argentina/Rio_Gallegos", "America/Argentina/Salta", "America/Argentina/San_Juan", "America/Argentina/San_Luis", "America/Argentina/Tucuman", "America/Argentina/Ushuaia"],
		"calling_code": "54"
	},
	"Armenia": {
		"code": "am",
		"currency": "AMD",
		"currency_fraction": "Luma",
		"currency_fraction_units": 100,
		"currency_name": "Armenian Dram",
		"currency_symbol": "֏",
		"number_format": "#,###.##",
		"timezones": ["Asia/Yerevan"],
		"calling_code": "374"
	},
	"Aruba": {
		"code": "aw",
		"currency": "AWG",
		"currency_fraction": "Cent",
		"currency_fraction_units": 100,
		"currency_name": "Aruban Florin",
		"currency_symbol": "Afl",
		"number_format": "#,###.##",
		"timezones": ["America/Aruba"],
		"calling_code": "297"
	},
	"Australia": {
		"code": "au",
		"currency": "AUD",
		"currency_fraction": "Cent",
		"currency_fraction_units": 100,
		"currency_name": "Australian Dollar",
		"currency_symbol": "$",
		"number_format": "# ###.##",
		"timezones": ["Australia/Adelaide", "Australia/Brisbane", "Australia/Broken_Hill", "Australia/Currie", "Australia/Darwin", "Australia/Eucla", "Australia/Hobart", "Australia/Lindeman", "Australia/Lord_Howe", "Australia/Melbourne", "Australia/Perth", "Australia/Sydney"],
		"calling_code": "61"
	},
	"Austria": {
		"code": "at",
		"currency": "EUR",
		"currency_fraction": "Cent",
		"currency_fraction_units": 100,
		"smallest_currency_fraction_value": 0.01,
		"currency_symbol": "€",
		"number_format": "#,###.##",
		"timezones": ["Europe/Vienna"],
		"calling_code": "43"
	},
	"Azerbaijan": {
		"code": "az",
		"currency_fraction": "Qəpik",
		"currency_fraction_units": 100,
		"currency_symbol": "",
		"number_format": "#,###.##",
		"timezones": ["Asia/Baku"],
		"calling_code": "994"
	},
	"Bahamas": {
		"code": "bs",
		"currency": "BSD",
		"currency_name": "Bahamian Dollar",
		"number_format": "#,###.##",
		"timezones": ["America/Nassau"],
		"calling_code": "1242"
	},
	"Bahrain": {
		"code": "bh",
		"currency": "BHD",
		"currency_fraction": "Fils",
		"currency_fraction_units": 1000,
		"currency_name": "Bahraini Dinar",
		"currency_symbol": ".د.ب",
		"number_format": "#,###.###",
		"timezones": ["Asia/Bahrain"],
		"calling_code": "973"
	},
	"Bangladesh": {
		"code": "bd",
		"currency": "BDT",
		"currency_fraction": "Paisa",
		"currency_fraction_units": 100,
		"currency_name": "Taka",
		"currency_symbol": "৳",
		"number_format": "#,###.##",
		"timezones": ["Asia/Dhaka"],
		"calling_code": "880"
	},
	"Barbados": {
		"code": "bb",
		"currency": "BBD",
		"currency_fraction": "Cent",
		"currency_fraction_units": 100,
		"currency_name": "Barbados Dollar",
		"currency_symbol": "$",
		"number_format": "#,###.##",
		"timezones": ["America/Barbados"],
		"calling_code": "1246"
	},
	"Belarus": {
		"code": "by",
		"currency_fraction": "Kapyeyka",
		"currency_fraction_units": 100,
		"currency_symbol": "Br",
		"number_format": "#,###.##",
		"timezones": ["Europe/Minsk"],
		"calling_code": "375"
	},
	"Belgium": {
		"code": "be",
		"currency": "EUR",
		"currency_fraction": "Cent",
		"currency_fraction_units": 100,
		"smallest_currency_fraction_value": 0.01,
		"currency_symbol": "€",
		"number_format": "#,###.##",
		"timezones": ["Europe/Brussels"],
		"calling_code": "32"
	},
	"Belize": {
		"code": "bz",
		"currency": "BZD",
		"currency_fraction": "Cent",
		"currency_fraction_units": 100,
		"currency_name": "Belize Dollar",
		"currency_symbol": "$",
		"date_format": "mm-dd-yyyy",
		"number_format": "#,###.##",
		"timezones": ["America/Belize"],
		"calling_code": "501"
	},
	"Benin": {
		"code": "bj",
		"currency": "XOF",
		"currency_name": "West African CFA Franc",
		"currency_symbol": "CFA",
		"currency_fraction": "Centime",
		"currency_fraction_units": 100,
		"number_format": "#,###.##",
		"timezones": ["Africa/Porto-Novo"],
		"calling_code": "229"
	},
	"Bermuda": {
		"code": "bm",
		"currency": "BMD",
		"currency_fraction": "Cent",
		"currency_fraction_units": 100,
		"currency_name": "Bermudian Dollar",
		"currency_symbol": "$",
		"number_format": "#,###.##",
		"timezones": ["Atlantic/Bermuda"],
		"calling_code": "1441"
	},
	"Bhutan": {
		"code": "bt",
		"currency": "BTN",
		"currency_fraction": "Chetrum",
		"currency_fraction_units": 100,
		"currency_name": "Ngultrum",
		"currency_symbol": "Nu.",
		"number_format": "#,###.##",
		"timezones": ["Asia/Thimphu"],
		"calling_code": "975"
	},
	"Bolivia, Plurinational State of": {
		"code": "bo",
		"currency": "BOB",
		"currency_name": "Boliviano",
		"number_format": "#,###.##"
	},
	"Bonaire, Sint Eustatius and Saba": {
		"code": "bq",
		"number_format": "#,###.##"
	},
	"Bosnia and Herzegovina": {
		"code": "ba",
		"currency": "BAM",
		"currency_fraction": "Fening",
		"currency_fraction_units": 100,
		"currency_symbol": "KM",
		"number_format": "#.###,##",
		"timezones": ["Europe/Sarajevo"],
		"calling_code": "387"
	},
	"Botswana": {
		"code": "bw",
		"currency": "BWP",
		"currency_fraction": "Thebe",
		"currency_fraction_units": 100,
		"currency_name": "Pula",
		"currency_symbol": "P",
		"number_format": "#,###.##",
		"timezones": ["Africa/Gaborone"],
		"calling_code": "267"
	},
	"Bouvet Island": {
		"code": "bv",
		"number_format": "#,###.##",
		"calling_code": null
	},
	"Brazil": {
		"code": "br",
		"currency": "BRL",
		"currency_fraction": "Centavo",
		"currency_fraction_units": 100,
		"currency_symbol": "R$",
		"date_format": "dd/mm/yyyy",
		"number_format": "#.###,##",
		"timezones": ["America/Araguaina", "America/Bahia", "America/Belem", "America/Boa_Vista", "America/Campo_Grande", "America/Cuiaba", "America/Eirunepe", "America/Fortaleza", "America/Maceio", "America/Manaus", "America/Noronha", "America/Porto_Velho", "America/Recife", "America/Rio_Branco", "America/Santarem", "America/Sao_Paulo"],
		"calling_code": "55"
	},
	"British Indian Ocean Territory": {
		"code": "io",
		"currency_fraction": "Cent",
		"currency_fraction_units": 100,
		"currency_symbol": "$",
		"number_format": "#,###.##",
		"timezones": ["Indian/Chagos"],
		"calling_code": "246"
	},
	"Brunei Darussalam": {
		"code": "bn",
		"currency": "BND",
		"currency_name": "Brunei Dollar",
		"number_format": "#,###.##",
		"timezones": ["Asia/Brunei"]
	},
	"Bulgaria": {
		"code": "bg",
		"currency": "BGN",
		"currency_name": "Bulgarian Lev",
		"currency_fraction": "Stotinka",
		"currency_fraction_units": 100,
		"currency_symbol": "лв",
		"number_format": "#,###.##",
		"timezones": ["Europe/Sofia"],
		"calling_code": "359"
	},
	"Burkina Faso": {
		"code": "bf",
		"currency": "XOF",
		"currency_name": "West African CFA Franc",
		"currency_symbol": "CFA",
		"currency_fraction": "Centime",
		"currency_fraction_units": 100,
		"number_format": "#,###.##",
		"timezones": ["Africa/Ouagadougou"],
		"calling_code": "226"
	},
	"Burundi": {
		"code": "bi",
		"currency": "BIF",
		"currency_fraction": "Centime",
		"currency_fraction_units": 100,
		"currency_name": "Burundi Franc",
		"currency_symbol": "Fr",
		"number_format": "#,###.##",
		"timezones": ["Africa/Bujumbura"],
		"calling_code": "257"
	},
	"Cambodia": {
		"code": "kh",
		"currency": "KHR",
		"currency_fraction": "Sen",
		"currency_fraction_units": 100,
		"currency_name": "Riel",
		"currency_symbol": "៛",
		"number_format": "#,###.##",
		"timezones": ["Asia/Phnom_Penh"],
		"calling_code": "855"
	},
	"Cameroon": {
		"code": "cm",
		"currency": "XAF",
		"currency_name": "Central African CFA Franc",
		"currency_symbol": "FCFA",
		"currency_fraction": "Centime",
		"currency_fraction_units": 100,
		"number_format": "#,###.##",
		"timezones": ["Africa/Douala"],
		"calling_code": "237"
	},
	"Canada": {
		"code": "ca",
		"currency": "CAD",
		"currency_fraction": "Cent",
		"currency_fraction_units": 100,
		"currency_name": "Canadian Dollar",
		"currency_symbol": "$",
		"date_format": "mm-dd-yyyy",
		"number_format": "#,###.##",
		"timezones": ["America/Atikokan", "America/Blanc-Sablon", "America/Cambridge_Bay", "America/Creston", "America/Dawson", "America/Dawson_Creek", "America/Edmonton", "America/Glace_Bay", "America/Goose_Bay", "America/Halifax", "America/Inuvik", "America/Iqaluit", "America/Moncton", "America/Montreal", "America/Nipigon", "America/Pangnirtung", "America/Rainy_River", "America/Rankin_Inlet", "America/Regina", "America/Resolute", "America/St_Johns", "America/Swift_Current", "America/Thunder_Bay", "America/Toronto", "America/Vancouver", "America/Whitehorse", "America/Winnipeg", "America/Yellowknife"],
		"calling_code": "1"
	},
	"Cape Verde": {
		"code": "cv",
		"currency": "CVE",
		"currency_fraction": "Centavo",
		"currency_fraction_units": 100,
		"currency_name": "Cape Verde Escudo",
		"currency_symbol": "Esc or $",
		"number_format": "#,###.##",
		"timezones": ["Atlantic/Cape_Verde"],
		"calling_code": null
	},
	"Cayman Islands": {
		"code": "ky",
		"currency": "KYD",
		"currency_fraction": "Cent",
		"currency_fraction_units": 100,
		"currency_name": "Cayman Islands Dollar",
		"currency_symbol": "$",
		"number_format": "#,###.##",
		"timezones": ["America/Cayman"],
		"calling_code": "1345"
	},
	"Central African Republic": {
		"code": "cf",
		"currency": "XAF",
		"currency_fraction": "Centime",
		"currency_fraction_units": 100,
		"currency_name": "Central African CFA Franc",
		"currency_symbol": "FCFA",
		"number_format": "#,###.##",
		"timezones": ["Africa/Bangui"],
		"calling_code": "236"
	},
	"Chad": {
		"code": "td",
		"currency": "XAF",
		"currency_name": "Central African CFA Franc",
		"currency_symbol": "FCFA",
		"currency_fraction": "Centime",
		"currency_fraction_units": 100,
		"number_format": "#,###.##",
		"timezones": ["Africa/Ndjamena"],
		"calling_code": "235"
	},
	"Chile": {
		"code": "cl",
		"currency": "CLP",
		"currency_fraction": "Centavo",
		"currency_fraction_units": 100,
		"currency_name": "Chilean Peso",
		"currency_symbol": "$",
		"number_format": "#.###",
		"timezones": ["America/Santiago", "Pacific/Easter"],
		"calling_code": "56"
	},
	"China": {
		"code": "cn",
		"currency": "CNY",
		"currency_name": "Yuan Renminbi",
		"date_format": "yyyy-mm-dd",
		"number_format": "#,###.##",
		"timezones": ["Asia/Chongqing", "Asia/Harbin", "Asia/Kashgar", "Asia/Shanghai", "Asia/Urumqi"],
		"calling_code": "86"
	},
	"Christmas Island": {
		"code": "cx",
		"number_format": "#,###.##",
		"timezones": ["Indian/Christmas"],
		"calling_code": "61"
	},
	"Cocos (Keeling) Islands": {
		"code": "cc",
		"currency_fraction": "Cent",
		"currency_fraction_units": 100,
		"currency_symbol": "$",
		"number_format": "#,###.##",
		"timezones": ["Indian/Cocos"],
		"calling_code": "61"
	},
	"Colombia": {
		"code": "co",
		"currency": "COP",
		"currency_fraction": "Centavo",
		"currency_fraction_units": 100,
		"currency_name": "Colombian Peso",
		"currency_symbol": "$",
		"number_format": "#.###,##",
		"timezones": ["America/Bogota"],
		"calling_code": "57"
	},
	"Comoros": {
		"code": "km",
		"currency": "KMF",
		"currency_fraction": "Centime",
		"currency_fraction_units": 100,
		"currency_name": "Comoro Franc",
		"currency_symbol": "Fr",
		"number_format": "#,###.##",
		"timezones": ["Indian/Comoro"],
		"calling_code": "269"
	},
	"Congo": {
		"code": "cg",
		"number_format": "#,###.##",
		"currency": "XAF",
		"currency_name": "Central African CFA Franc",
		"currency_symbol": "FCFA",
		"currency_fraction": "Centime",
		"currency_fraction_units": 100,
		"calling_code": "242"
	},
	"Congo, The Democratic Republic of the": {
		"code": "cd",
		"number_format": "#,###.##"
	},
	"Cook Islands": {
		"code": "ck",
		"currency_fraction": "Cent",
		"currency_fraction_units": 100,
		"currency_symbol": "$",
		"number_format": "#,###.##",
		"timezones": ["Pacific/Rarotonga"],
		"calling_code": "682"
	},
	"Costa Rica": {
		"code": "cr",
		"currency": "CRC",
		"currency_fraction": "Céntimo",
		"currency_fraction_units": 100,
		"currency_name": "Costa Rican Colon",
		"currency_symbol": "₡",
		"number_format": "#.###,##",
		"timezones": ["America/Costa_Rica"],
		"calling_code": "506"
	},
	"Croatia": {
		"code": "hr",
		"currency": "HRK",
		"currency_fraction": "Lipa",
		"currency_fraction_units": 100,
		"currency_name": "Croatian Kuna",
		"currency_symbol": "kn",
		"number_format": "#.###,##",
		"timezones": ["Europe/Zagreb"],
		"calling_code": "385"
	},
	"Cuba": {
		"code": "cu",
		"currency": "CUP",
		"currency_fraction": "Centavo",
		"currency_fraction_units": 100,
		"currency_name": "Cuban Peso",
		"currency_symbol": "$",
		"number_format": "#,###.##",
		"timezones": ["America/Havana"],
		"calling_code": "53"
	},
	"Curaçao": {
		"code": "cw",
		"currency_fraction": "Cent",
		"currency_fraction_units": 100,
		"currency_symbol": "ƒ",
		"number_format": "#,###.##"
	},
	"Cyprus": {
		"code": "cy",
		"currency": "CYP",
		"currency_fraction": "Cent",
		"currency_fraction_units": 100,
		"currency_name": "Cyprus Pound",
		"currency_symbol": "€",
		"number_format": "#.###,##",
		"timezones": ["Asia/Nicosia"],
		"calling_code": "357"
	},
	"Czech Republic": {
		"code": "cz",
		"currency": "CZK",
		"currency_fraction": "Haléř",
		"currency_fraction_units": 100,
		"currency_name": "Czech Koruna",
		"currency_symbol": "Kč",
		"number_format": "#.###,##",
		"timezones": ["Europe/Prague"],
		"calling_code": "420"
	},
	"Denmark": {
		"code": "dk",
		"currency": "DKK",
		"currency_fraction": "Øre",
		"currency_fraction_units": 100,
		"currency_name": "Danish Krone",
		"currency_symbol": "kr",
		"number_format": "#.###,##",
		"timezones": ["Europe/Copenhagen"],
		"calling_code": "45"
	},
	"Djibouti": {
		"code": "dj",
		"currency": "DJF",
		"currency_fraction": "Centime",
		"currency_fraction_units": 100,
		"currency_name": "Djibouti Franc",
		"currency_symbol": "Fr",
		"number_format": "#,###.##",
		"timezones": ["Africa/Djibouti"],
		"calling_code": "253"
	},
	"Dominica": {
		"code": "dm",
		"currency_fraction": "Cent",
		"currency_fraction_units": 100,
		"currency_symbol": "$",
		"currency_name": "Eastern Carribean Dollar",
		"currency": "XCD",
		"number_format": "#,###.##",
		"timezones": ["America/Dominica"],
		"calling_code": "1767"
	},
	"Dominican Republic": {
		"code": "do",
		"currency": "DOP",
		"currency_fraction": "Centavo",
		"currency_fraction_units": 100,
		"currency_name": "Dominican Peso",
		"currency_symbol": "$",
		"number_format": "#,###.##",
		"timezones": ["America/Santo_Domingo"],
		"calling_code": "1849"
	},
	"Ecuador": {
		"code": "ec",
		"currency_fraction": "Cent",
		"currency_fraction_units": 100,
		"currency_symbol": "$",
		"number_format": "#,###.##",
		"timezones": ["America/Guayaquil", "Pacific/Galapagos"],
		"calling_code": "593"
	},
	"Egypt": {
		"code": "eg",
		"currency": "EGP",
		"currency_fraction": "Piastre[F]",
		"currency_fraction_units": 100,
		"currency_name": "Egyptian Pound",
		"currency_symbol": "£ or ج.م",
		"number_format": "#,###.##",
		"timezones": ["Africa/Cairo"],
		"calling_code": "20"
	},
	"El Salvador": {
		"code": "sv",
		"currency": "USD",
		"currency_fraction": "Centavo",
		"currency_fraction_units": 100,
		"smallest_currency_fraction_value": 0.01,
		"currency_name": "Dolar estadounidense",
		"currency_symbol": "$",
		"date_format": "dd-mm-yyyy",
		"number_format": "#,###.##",
		"timezones": ["America/El_Salvador"],
		"calling_code": "503"
	},
	"Equatorial Guinea": {
		"code": "gq",
		"currency": "XAF",
		"currency_name": "Central African CFA Franc",
		"currency_symbol": "FCFA",
		"currency_fraction": "Centime",
		"currency_fraction_units": 100,
		"number_format": "#,###.##",
		"timezones": ["Africa/Malabo"],
		"calling_code": "240"
	},
	"Eritrea": {
		"code": "er",
		"currency": "ERN",
		"currency_fraction": "Cent",
		"currency_fraction_units": 100,
		"currency_name": "Nakfa",
		"currency_symbol": "Nfk",
		"number_format": "#,###.##",
		"timezones": ["Africa/Asmara"],
		"calling_code": "291"
	},
	"Estonia": {
		"code": "ee",
		"currency": "EEK",
		"currency_fraction": "Cent",
		"currency_fraction_units": 100,
		"currency_name": "Kroon",
		"currency_symbol": "€",
		"number_format": "#,###.##",
		"timezones": ["Europe/Tallinn"],
		"calling_code": "372"
	},
	"Ethiopia": {
		"code": "et",
		"currency": "ETB",
		"currency_fraction": "Santim",
		"currency_fraction_units": 100,
		"currency_name": "Ethiopian Birr",
		"currency_symbol": "Br",
		"number_format": "#,###.##",
		"timezones": ["Africa/Addis_Ababa"],
		"calling_code": "251"
	},
	"Falkland Islands (Malvinas)": {
		"code": "fk",
		"currency": "FKP",
		"currency_name": "Falkland Islands Pound",
		"number_format": "#,###.##"
	},
	"Faroe Islands": {
		"code": "fo",
		"currency_fraction": "Øre",
		"currency_fraction_units": 100,
		"currency_symbol": "kr",
		"number_format": "#,###.##",
		"timezones": ["Atlantic/Faroe"],
		"calling_code": "298"
	},
	"Fiji": {
		"code": "fj",
		"currency": "FJD",
		"currency_fraction": "Cent",
		"currency_fraction_units": 100,
		"currency_name": "Fiji Dollar",
		"currency_symbol": "$",
		"number_format": "#,###.##",
		"timezones": ["Pacific/Fiji"]
	},
	"Finland": {
		"code": "fi",
		"currency": "EUR",
		"currency_fraction": "Cent",
		"currency_fraction_units": 100,
		"smallest_currency_fraction_value": 0.01,
		"currency_symbol": "€",
		"number_format": "#,###.##",
		"timezones": ["Europe/Helsinki"],
		"calling_code": "358"
	},
	"France": {
		"code": "fr",
		"currency": "EUR",
		"currency_fraction": "Cent",
		"currency_fraction_units": 100,
		"smallest_currency_fraction_value": 0.01,
		"currency_symbol": "€",
		"number_format": "# ###,##",
		"date_format": "dd/mm/yyyy",
		"timezones": ["Europe/Paris"],
		"calling_code": "33"
	},
	"French Guiana": {
		"code": "gf",
		"number_format": "#,###.##",
		"timezones": ["America/Cayenne"],
		"calling_code": "594"
	},
	"French Polynesia": {
		"code": "pf",
		"currency_fraction": "Centime",
		"currency_fraction_units": 100,
		"currency_symbol": "Fr",
		"number_format": "#,###.##",
		"timezones": ["Pacific/Gambier", "Pacific/Marquesas", "Pacific/Tahiti"],
		"calling_code": "689"
	},
	"French Southern Territories": {
		"code": "tf",
		"number_format": "#,###.##"
	},
	"Gabon": {
		"code": "ga",
		"currency": "XAF",
		"currency_name": "Central African CFA Franc",
		"currency_symbol": "FCFA",
		"currency_fraction": "Centime",
		"currency_fraction_units": 100,
		"number_format": "#,###.##",
		"timezones": ["Africa/Libreville"],
		"calling_code": "241"
	},
	"Gambia": {
		"code": "gm",
		"currency": "GMD",
		"currency_name": "Dalasi",
		"number_format": "#,###.##",
		"timezones": ["Africa/Banjul"],
		"calling_code": "220"
	},
	"Georgia": {
		"code": "ge",
		"currency_fraction": "Tetri",
		"currency_fraction_units": 100,
		"currency_symbol": "ლ",
		"number_format": "#,###.##",
		"timezones": ["Asia/Tbilisi"],
		"calling_code": "995"
	},
	"Germany": {
		"code": "de",
		"currency": "EUR",
		"currency_fraction": "Cent",
		"currency_fraction_units": 100,
		"smallest_currency_fraction_value": 0.01,
		"currency_symbol": "€",
		"number_format": "#,###.##",
		"timezones": ["Europe/Berlin"],
		"calling_code": "49"
	},
	"Ghana": {
		"code": "gh",
		"currency": "GHS",
		"currency_fraction": "Pesewa",
		"currency_fraction_units": 100,
		"currency_symbol": "₵",
		"number_format": "#,###.##",
		"timezones": ["Africa/Accra"],
		"calling_code": "233"
	},
	"Gibraltar": {
		"code": "gi",
		"currency": "GIP",
		"currency_fraction": "Penny",
		"currency_fraction_units": 100,
		"currency_name": "Gibraltar Pound",
		"currency_symbol": "£",
		"number_format": "#,###.##",
		"timezones": ["Europe/Gibraltar"],
		"calling_code": "350"
	},
	"Greece": {
		"code": "gr",
		"currency": "EUR",
		"currency_fraction": "Cent",
		"currency_fraction_units": 100,
		"smallest_currency_fraction_value": 0.01,
		"currency_symbol": "€",
		"number_format": "#,###.##",
		"timezones": ["Europe/Athens"],
		"calling_code": "30"
	},
	"Greenland": {
		"code": "gl",
		"number_format": "#,###.##",
		"timezones": ["America/Danmarkshavn", "America/Godthab", "America/Scoresbysund", "America/Thule"],
		"calling_code": "299"
	},
	"Grenada": {
		"code": "gd",
		"currency_fraction": "Cent",
		"currency_fraction_units": 100,
		"currency_symbol": "$",
		"currency_name": "Eastern Carribean Dollar",
		"currency": "XCD",
		"number_format": "#,###.##",
		"timezones": ["America/Grenada"],
		"calling_code": "1473"
	},
	"Guadeloupe": {
		"code": "gp",
		"number_format": "#,###.##",
		"timezones": ["America/Guadeloupe"],
		"calling_code": "590"
	},
	"Guam": {
		"code": "gu",
		"number_format": "#,###.##",
		"timezones": ["Pacific/Guam"],
		"calling_code": "1671"
	},
	"Guatemala": {
		"code": "gt",
		"currency": "GTQ",
		"currency_fraction": "Centavo",
		"currency_fraction_units": 100,
		"currency_name": "Quetzal",
		"currency_symbol": "Q",
		"number_format": "#,###.##",
		"timezones": ["America/Guatemala"],
		"calling_code": "502"
	},
	"Guernsey": {
		"code": "gg",
		"currency_fraction": "Penny",
		"currency_fraction_units": 100,
		"currency_symbol": "£",
		"number_format": "#,###.##",
		"timezones": ["Europe/London"]
	},
	"Guinea": {
		"code": "gn",
		"currency": "GNF",
		"currency_fraction": "Centime",
		"currency_fraction_units": 100,
		"currency_name": "Guinea Franc",
		"currency_symbol": "Fr",
		"number_format": "#,###.##",
		"timezones": ["Africa/Conakry"],
		"calling_code": "224"
	},
	"Guinea-Bissau": {
		"code": "gw",
		"currency": "XOF",
		"currency_name": "West African CFA Franc",
		"currency_symbol": "CFA",
		"currency_fraction": "Centime",
		"currency_fraction_units": 100,
		"number_format": "#,###.##",
		"timezones": ["Africa/Bissau"],
		"calling_code": "245"
	},
	"Guyana": {
		"code": "gy",
		"currency": "GYD",
		"currency_fraction": "Cent",
		"currency_fraction_units": 100,
		"currency_name": "Guyana Dollar",
		"currency_symbol": "$",
		"number_format": "#,###.##",
		"timezones": ["America/Guyana"],
		"calling_code": "592"
	},
	"Haiti": {
		"code": "ht",
		"currency": "HTG",
		"currency_fraction": "Centime",
		"currency_fraction_units": 100,
		"currency_name": "Gourde",
		"currency_symbol": "G",
		"number_format": "#,###.##",
		"timezones": ["America/Guatemala", "America/Port-au-Prince"],
		"calling_code": "509"
	},
	"Heard Island and McDonald Islands": {
		"code": "hm",
		"number_format": "#,###.##",
		"calling_code": null
	},
	"Holy See (Vatican City State)": {
		"code": "va",
		"number_format": "#,###.##",
		"calling_code": null
	},
	"Honduras": {
		"code": "hn",
		"currency": "HNL",
		"currency_fraction": "Centavo",
		"currency_fraction_units": 100,
		"currency_name": "Lempira",
		"currency_symbol": "L",
		"number_format": "#,###.##",
		"timezones": ["America/Tegucigalpa"],
		"calling_code": "504"
	},
	"Hong Kong": {
		"code": "hk",
		"currency": "HKD",
		"currency_fraction": "Cent",
		"currency_fraction_units": 100,
		"currency_name": "Hong Kong Dollar",
		"currency_symbol": "$",
		"number_format": "#,###.##",
		"timezones": ["Asia/Hong_Kong"],
		"calling_code": "852"
	},
	"Hungary": {
		"code": "hu",
		"currency": "HUF",
		"currency_fraction": "Fillér",
		"currency_fraction_units": 100,
		"currency_name": "Forint",
		"currency_symbol": "Ft",
		"date_format": "yyyy-mm-dd",
		"number_format": "#.###",
		"timezones": ["Europe/Budapest"],
		"calling_code": "36"
	},
	"Iceland": {
		"code": "is",
		"currency": "ISK",
		"currency_fraction": "Eyrir",
		"currency_fraction_units": 100,
		"currency_name": "Iceland Krona",
		"currency_symbol": "kr",
		"number_format": "#.###",
		"timezones": ["Atlantic/Reykjavik"],
		"calling_code": "354"
	},
	"India": {
		"code": "in",
		"currency": "INR",
		"currency_fraction": "Paisa",
		"currency_fraction_units": 100,
		"currency_name": "Indian Rupee",
		"currency_symbol": "₹",
		"number_format": "#,##,###.##",
		"timezones": ["Asia/Kolkata"],
		"calling_code": "91"
	},
	"Indonesia": {
		"code": "id",
		"currency": "IDR",
		"currency_fraction": "Sen",
		"currency_fraction_units": 100,
		"currency_name": "Rupiah",
		"currency_symbol": "Rp",
		"number_format": "#.###,##",
		"timezones": ["Asia/Jakarta", "Asia/Jayapura", "Asia/Makassar", "Asia/Pontianak"],
		"calling_code": "62"
	},
	"Iran": {
		"code": "ir",
		"currency": "IRR",
		"currency_name": "Iranian Rial",
		"currency_symbol": "﷼",
		"number_format": "#,###.##",
		"timezones": ["Asia/Tehran"],
		"calling_code": "98"
	},
	"Iraq": {
		"code": "iq",
		"currency": "IQD",
		"currency_fraction": "Fils",
		"currency_fraction_units": 1000,
		"currency_name": "Iraqi Dinar",
		"currency_symbol": "ع.د",
		"number_format": "#,###.###",
		"timezones": ["Asia/Baghdad"],
		"calling_code": "964"
	},
	"Ireland": {
		"code": "ie",
		"currency": "EUR",
		"currency_fraction": "Cent",
		"currency_fraction_units": 100,
		"smallest_currency_fraction_value": 0.01,
		"currency_symbol": "€",
		"number_format": "#,###.##",
		"timezones": ["Europe/Dublin"],
		"calling_code": "353"
	},
	"Isle of Man": {
		"code": "im",
		"currency_fraction": "Penny",
		"currency_fraction_units": 100,
		"currency_symbol": "£",
		"number_format": "#,###.##",
		"timezones": ["Europe/London"]
	},
	"Israel": {
		"code": "il",
		"currency": "ILS",
		"currency_fraction": "Agora",
		"currency_fraction_units": 100,
		"currency_name": "New Israeli Sheqel",
		"currency_symbol": "₪",
		"number_format": "#,###.##",
		"timezones": ["Asia/Jerusalem"],
		"calling_code": "972"
	},
	"Italy": {
		"code": "it",
		"currency": "EUR",
		"currency_fraction": "Cent",
		"currency_fraction_units": 100,
		"smallest_currency_fraction_value": 0.01,
		"currency_symbol": "€",
		"number_format": "#.###,##",
		"date_format": "dd/mm/yyyy",
		"timezones": ["Europe/Rome"],
		"calling_code": "39"
	},
	"Ivory Coast": {
		"code": "ci",
		"currency": "XOF",
		"currency_name": "West African CFA Franc",
		"currency_symbol": "CFA",
		"currency_fraction": "Centime",
		"currency_fraction_units": 100,
		"number_format": "#,###.##",
		"timeszones": ["Africa/Abidjan"],
		"calling_code": "225"
	},
	"Jamaica": {
		"code": "jm",
		"currency": "JMD",
		"currency_fraction": "Cent",
		"currency_fraction_units": 100,
		"currency_name": "Jamaican Dollar",
		"currency_symbol": "$",
		"number_format": "#,###.##",
		"timezones": ["America/Jamaica"],
		"calling_code": "1876"
	},
	"Japan": {
		"code": "jp",
		"currency": "JPY",
		"currency_fraction": "Sen[G]",
		"currency_fraction_units": 100,
		"currency_name": "Yen",
		"currency_symbol": "¥",
		"number_format": "#,###",
		"timezones": ["Asia/Tokyo"],
		"calling_code": "81"
	},
	"Jersey": {
		"code": "je",
		"currency_fraction": "Penny",
		"currency_fraction_units": 100,
		"currency_symbol": "£",
		"number_format": "#,###.##",
		"timezones": ["Europe/London"]
	},
	"Jordan": {
		"code": "jo",
		"currency": "JOD",
		"currency_fraction": "Piastre[H]",
		"currency_fraction_units": 100,
		"currency_name": "Jordanian Dinar",
		"currency_symbol": "د.ا",
		"number_format": "#,###.###",
		"timezones": ["Asia/Amman"],
		"calling_code": "962"
	},
	"Kazakhstan": {
		"code": "kz",
		"currency": "KZT",
		"currency_fraction": "Tïın",
		"currency_fraction_units": 100,
		"currency_name": "Tenge",
		"currency_symbol": "₸",
		"number_format": "#,###.##",
		"timezones": ["Asia/Almaty", "Asia/Aqtau", "Asia/Aqtobe", "Asia/Oral", "Asia/Qyzylorda"],
		"calling_code": "7"
	},
	"Kenya": {
		"code": "ke",
		"currency": "KES",
		"currency_fraction": "Cent",
		"currency_fraction_units": 100,
		"currency_name": "Kenyan Shilling",
		"currency_symbol": "Sh",
		"number_format": "#,###.##",
		"timezones": ["Africa/Nairobi"],
		"calling_code": "254"
	},
	"Kiribati": {
		"code": "ki",
		"currency_fraction": "Cent",
		"currency_fraction_units": 100,
		"currency_symbol": "$",
		"number_format": "#,###.##",
		"timezones": ["Pacific/Enderbury", "Pacific/Kiritimati", "Pacific/Tarawa"],
		"calling_code": "686"
	},
	"Korea, Democratic Peoples Republic of": {
		"code": "kp",
		"currency": "KPW",
		"currency_name": "North Korean Won",
		"number_format": "#,###.##"
	},
	"Korea, Republic of": {
		"code": "kr",
		"currency": "KRW",
		"currency_name": "Won",
		"number_format": "#,###"
	},
	"Kuwait": {
		"code": "kw",
		"currency": "KWD",
		"currency_fraction": "Fils",
		"currency_fraction_units": 1000,
		"currency_name": "Kuwaiti Dinar",
		"currency_symbol": "د.ك",
		"number_format": "#,###.###",
		"timezones": ["Asia/Kuwait"],
		"calling_code": "965"
	},
	"Kyrgyzstan": {
		"code": "kg",
		"currency": "KGS",
		"currency_fraction": "Tyiyn",
		"currency_fraction_units": 100,
		"currency_name": "Som",
		"currency_symbol": "лв",
		"number_format": "#,###.##",
		"timezones": ["Asia/Bishkek"],
		"calling_code": "996"
	},
	"Lao Peoples Democratic Republic": {
		"code": "la",
		"currency": "LAK",
		"currency_name": "Kip",
		"number_format": "#,###.##"
	},
	"Latvia": {
		"code": "lv",
		"currency": "LVL",
		"currency_fraction": "Santīms",
		"currency_fraction_units": 100,
		"currency_name": "Latvian Lats",
		"currency_symbol": "Ls",
		"number_format": "#,###.##",
		"timezones": ["Europe/Riga"],
		"calling_code": "371"
	},
	"Lebanon": {
		"code": "lb",
		"currency": "LBP",
		"currency_fraction": "Piastre",
		"currency_fraction_units": 100,
		"currency_name": "Lebanese Pound",
		"currency_symbol": "ل.ل",
		"number_format": "#,###.##",
		"timezones": ["Asia/Beirut"],
		"calling_code": "961"
	},
	"Lesotho": {
		"code": "ls",
		"currency": "LSL",
		"currency_fraction": "Sente",
		"currency_fraction_units": 100,
		"currency_name": "Loti",
		"currency_symbol": "L",
		"number_format": "#,###.##",
		"timezones": ["Africa/Maseru"],
		"calling_code": "266"
	},
	"Liberia": {
		"code": "lr",
		"currency": "LRD",
		"currency_fraction": "Cent",
		"currency_fraction_units": 100,
		"currency_name": "Liberian Dollar",
		"currency_symbol": "$",
		"number_format": "#,###.##",
		"timezones": ["Africa/Monrovia"],
		"calling_code": "231"
	},
	"Libya": {
		"code": "ly",
		"currency": "LYD",
		"currency_fraction": "Dirham",
		"currency_fraction_units": 1000,
		"currency_name": "Libyan Dinar",
		"currency_symbol": "ل.د",
		"number_format": "#,###.###",
		"timezones": ["Africa/Tripoli"]
	},
	"Liechtenstein": {
		"code": "li",
		"currency_fraction": "Rappen",
		"currency_fraction_units": 100,
		"currency_symbol": "Fr",
		"number_format": "#,###.##",
		"timezones": ["Europe/Vaduz"],
		"calling_code": "423"
	},
	"Lithuania": {
		"code": "lt",
		"currency": "LTL",
		"currency_fraction": "Centas",
		"currency_fraction_units": 100,
		"currency_name": "Lithuanian Litas",
		"currency_symbol": "Lt",
		"date_format": "yyyy-mm-dd",
		"number_format": "# ###,##",
		"timezones": ["Europe/Vilnius"],
		"calling_code": "370"
	},
	"Luxembourg": {
		"code": "lu",
		"currency": "EUR",
		"currency_fraction": "Cent",
		"currency_fraction_units": 100,
		"smallest_currency_fraction_value": 0.01,
		"currency_symbol": "€",
		"number_format": "#,###.##",
		"timezones": ["Europe/Luxembourg"],
		"calling_code": "352"
	},
	"Macao": {
		"code": "mo",
		"currency": "MOP",
		"currency_name": "Pataca",
		"number_format": "#,###.##",
		"calling_code": null
	},
	"Macedonia": {
		"code": "mk",
		"currency": "MKD",
		"currency_fraction": "Deni",
		"currency_fraction_units": 100,
		"currency_name": "Denar",
		"currency_symbol": "ден",
		"number_format": "#,###.##"
	},
	"Madagascar": {
		"code": "mg",
		"currency_fraction": "Iraimbilanja",
		"currency_fraction_units": 5,
		"currency_symbol": "Ar",
		"number_format": "#,###.##",
		"timezones": ["Indian/Antananarivo"],
		"calling_code": "261"
	},
	"Malawi": {
		"code": "mw",
		"currency": "MWK",
		"currency_fraction": "Tambala",
		"currency_fraction_units": 100,
		"currency_name": "Kwacha",
		"currency_symbol": "MK",
		"number_format": "#,###.##",
		"timezones": ["Africa/Blantyre"],
		"calling_code": "265"
	},
	"Malaysia": {
		"code": "my",
		"currency": "MYR",
		"currency_fraction": "Sen",
		"currency_fraction_units": 100,
		"currency_name": "Malaysian Ringgit",
		"currency_symbol": "RM",
		"number_format": "#,###.##",
		"timezones": ["Asia/Kuala_Lumpur", "Asia/Kuching"],
		"calling_code": "60"
	},
	"Maldives": {
		"code": "mv",
		"currency": "MVR",
		"currency_fraction": "Laari",
		"currency_fraction_units": 100,
		"currency_name": "Rufiyaa",
		"currency_symbol": ".ރ",
		"number_format": "#,###.##",
		"timezones": ["Indian/Maldives"],
		"calling_code": "960"
	},
	"Mali": {
		"code": "ml",
		"currency": "XOF",
		"currency_name": "West African CFA Franc",
		"currency_symbol": "CFA",
		"currency_fraction": "Centime",
		"currency_fraction_units": 100,
		"number_format": "#,###.##",
		"timezones": ["Africa/Bamako"],
		"calling_code": "223"
	},
	"Malta": {
		"code": "mt",
		"currency": "MTL",
		"currency_fraction": "Cent",
		"currency_fraction_units": 100,
		"currency_name": "Maltese Lira",
		"currency_symbol": "€",
		"number_format": "#,###.##",
		"timezones": ["Europe/Malta"],
		"calling_code": "356"
	},
	"Marshall Islands": {
		"code": "mh",
		"currency_fraction": "Cent",
		"currency_fraction_units": 100,
		"currency_symbol": "$",
		"number_format": "#,###.##",
		"timezones": ["Pacific/Kwajalein", "Pacific/Majuro"],
		"calling_code": "692"
	},
	"Martinique": {
		"code": "mq",
		"number_format": "#,###.##",
		"timezones": ["America/Martinique"],
		"calling_code": "596"
	},
	"Mauritania": {
		"code": "mr",
		"currency": "MRO",
		"currency_fraction": "Khoums",
		"currency_fraction_units": 5,
		"currency_name": "Ouguiya",
		"currency_symbol": "UM",
		"number_format": "#,###.##",
		"timezones": ["Africa/Nouakchott"],
		"calling_code": "222"
	},
	"Mauritius": {
		"code": "mu",
		"currency": "MUR",
		"currency_fraction": "Cent",
		"currency_fraction_units": 100,
		"currency_name": "Mauritius Rupee",
		"currency_symbol": "₨",
		"number_format": "#,###",
		"timezones": ["Indian/Mauritius"],
		"calling_code": "230"
	},
	"Mayotte": {
		"code": "yt",
		"number_format": "#,###.##",
		"timezones": ["Indian/Mayotte"],
		"calling_code": "262"
	},
	"Mexico": {
		"code": "mx",
		"currency": "MXN",
		"currency_fraction": "Centavo",
		"currency_fraction_units": 100,
		"currency_name": "Mexican Peso",
		"currency_symbol": "$",
		"number_format": "#,###.##",
		"timezones": ["America/Bahia_Banderas", "America/Cancun", "America/Chihuahua", "America/Hermosillo", "America/Matamoros", "America/Mazatlan", "America/Merida", "America/Mexico_City", "America/Monterrey", "America/Ojinaga", "America/Santa_Isabel", "America/Tijuana"],
		"calling_code": "52"
	},
	"Micronesia, Federated States of": {
		"code": "fm",
		"number_format": "#,###.##",
		"calling_code": "691"
	},
	"Moldova, Republic of": {
		"code": "md",
		"currency": "MDL",
		"currency_name": "Moldovan Leu",
		"number_format": "#,###.##"
	},
	"Monaco": {
		"code": "mc",
		"currency": "EUR",
		"currency_fraction": "Cent",
		"currency_fraction_units": 100,
		"smallest_currency_fraction_value": 0.01,
		"currency_symbol": "€",
		"number_format": "#,###.##",
		"timezones": ["Europe/Monaco"],
		"calling_code": "377"
	},
	"Mongolia": {
		"code": "mn",
		"currency": "MNT",
		"currency_fraction": "Möngö",
		"currency_fraction_units": 100,
		"currency_name": "Tugrik",
		"currency_symbol": "₮",
		"date_format": "yyyy-mm-dd",
		"number_format": "#,###.##",
		"timezones": ["Asia/Choibalsan", "Asia/Hovd", "Asia/Ulaanbaatar"],
		"calling_code": "976"
	},
	"Montenegro": {
		"code": "me",
		"currency": "EUR",
		"currency_fraction": "Cent",
		"currency_fraction_units": 100,
		"smallest_currency_fraction_value": 0.01,
		"currency_symbol": "€",
		"number_format": "#,###.##",
		"timezones": ["Europe/Belgrade"]
	},
	"Montserrat": {
		"code": "ms",
		"currency_fraction": "Cent",
		"currency_fraction_units": 100,
		"currency_symbol": "$",
		"currency_name": "Eastern Carribean Dollar",
		"currency": "XCD",
		"number_format": "#,###.##",
		"timezones": ["America/Montserrat"],
		"calling_code": "1664"
	},
	"Morocco": {
		"code": "ma",
		"currency": "MAD",
		"currency_fraction": "Centime",
		"currency_fraction_units": 100,
		"currency_name": "Moroccan Dirham",
		"currency_symbol": "د.م.",
		"number_format": "#,###.##",
		"timezones": ["Africa/Casablanca"],
		"calling_code": "212"
	},
	"Mozambique": {
		"code": "mz",
		"currency": "MZN",
		"currency_fraction": "Centavo",
		"currency_fraction_units": 100,
		"currency_symbol": "MZN",
		"number_format": "#,###.##",
		"timezones": ["Africa/Maputo"],
		"calling_code": "258"
	},
	"Myanmar": {
		"code": "mm",
		"currency": "MMK",
		"currency_name": "Kyat",
		"number_format": "#,###.##",
		"timezones": ["Asia/Rangoon"],
		"calling_code": "95"
	},
	"Namibia": {
		"code": "na",
		"currency": "NAD",
		"currency_fraction": "Cent",
		"currency_fraction_units": 100,
		"currency_name": "Namibia Dollar",
		"currency_symbol": "$",
		"number_format": "#,###.##",
		"timezones": ["Africa/Windhoek"],
		"calling_code": "264"
	},
	"Nauru": {
		"code": "nr",
		"currency_fraction": "Cent",
		"currency_fraction_units": 100,
		"currency_symbol": "$",
		"number_format": "#,###.##",
		"timezones": ["Pacific/Nauru"],
		"calling_code": "674"
	},
	"Nepal": {
		"code": "np",
		"currency": "NPR",
		"currency_fraction": "Paisa",
		"currency_fraction_units": 100,
		"currency_name": "Nepalese Rupee",
		"currency_symbol": "₨",
		"number_format": "#,###.##",
		"timezones": ["Asia/Kathmandu"],
		"calling_code": "977"
	},
	"Netherlands": {
		"code": "nl",
		"currency": "EUR",
		"currency_fraction": "Cent",
		"currency_fraction_units": 100,
		"smallest_currency_fraction_value": 0.01,
		"currency_symbol": "€",
		"number_format": "#,###.##",
		"timezones": ["Europe/Amsterdam"],
		"calling_code": "31"
	},
	"New Caledonia": {
		"code": "nc",
		"currency_fraction": "Centime",
		"currency_fraction_units": 100,
		"currency_symbol": "Fr",
		"number_format": "#,###.##",
		"timezones": ["Pacific/Noumea"],
		"calling_code": "687"
	},
	"New Zealand": {
		"code": "nz",
		"currency": "NZD",
		"currency_fraction": "Cent",
		"currency_fraction_units": 100,
		"currency_name": "New Zealand Dollar",
		"currency_symbol": "$",
		"number_format": "#,###.##",
		"timezones": ["Pacific/Auckland", "Pacific/Chatham"],
		"calling_code": "64"
	},
	"Nicaragua": {
		"code": "ni",
		"currency": "NIO",
		"currency_fraction": "Centavo",
		"currency_fraction_units": 100,
		"currency_name": "Cordoba Oro",
		"currency_symbol": "C$",
		"number_format": "#,###.##",
		"timezones": ["America/Managua"],
		"calling_code": "505"
	},
	"Niger": {
		"code": "ne",
		"currency": "XOF",
		"currency_name": "West African CFA Franc",
		"currency_symbol": "CFA",
		"currency_fraction": "Centime",
		"currency_fraction_units": 100,
		"number_format": "#,###.##",
		"timezones": ["Africa/Niamey"],
		"calling_code": "227"
	},
	"Nigeria": {
		"code": "ng",
		"currency": "NGN",
		"currency_fraction": "Kobo",
		"currency_fraction_units": 100,
		"currency_name": "Naira",
		"currency_symbol": "₦",
		"number_format": "#,###.##",
		"timezones": ["Africa/Lagos"],
		"calling_code": "234"
	},
	"Niue": {
		"code": "nu",
		"currency_fraction": "Cent",
		"currency_fraction_units": 100,
		"currency_symbol": "$",
		"number_format": "#,###.##",
		"timezones": ["Pacific/Niue"],
		"calling_code": "683"
	},
	"Norfolk Island": {
		"code": "nf",
		"number_format": "#,###.##",
		"timezones": ["Pacific/Norfolk"],
		"calling_code": "672"
	},
	"Northern Mariana Islands": {
		"code": "mp",
		"number_format": "#,###.##",
		"timezones": ["Pacific/Saipan"],
		"calling_code": "1670"
	},
	"Norway": {
		"code": "no",
		"currency": "NOK",
		"currency_fraction": "Øre",
		"currency_fraction_units": 100,
		"currency_name": "Norwegian Krone",
		"currency_symbol": "kr",
		"number_format": "#.###,##",
		"timezones": ["Europe/Oslo"],
		"calling_code": "47"
	},
	"Oman": {
		"code": "om",
		"currency": "OMR",
		"currency_fraction": "Baisa",
		"currency_fraction_units": 1000,
		"currency_name": "Rial Omani",
		"currency_symbol": "ر.ع.",
		"number_format": "#,###.###",
		"timezones": ["Asia/Muscat"],
		"calling_code": "968"
	},
	"Pakistan": {
		"code": "pk",
		"currency": "PKR",
		"currency_fraction": "Paisa",
		"currency_fraction_units": 100,
		"currency_name": "Pakistan Rupee",
		"currency_symbol": "₨",
		"number_format": "#,###.##",
		"timezones": ["Asia/Karachi"],
		"calling_code": "92"
	},
	"Palau": {
		"code": "pw",
		"currency_fraction": "Cent",
		"currency_fraction_units": 100,
		"currency_symbol": "$",
		"date_format": "mm-dd-yyyy",
		"number_format": "#,###.##",
		"timezones": ["Pacific/Palau"],
		"calling_code": "680"
	},
	"Palestinian Territory, Occupied": {
		"code": "ps",
		"number_format": "#,###.##"
	},
	"Panama": {
		"code": "pa",
		"currency_fraction": "Centésimo",
		"currency_fraction_units": 100,
		"currency_symbol": "B/.",
		"number_format": "#,###.##",
		"timezones": ["America/Panama"],
		"calling_code": "507"
	},
	"Papua New Guinea": {
		"code": "pg",
		"currency": "PGK",
		"currency_fraction": "Toea",
		"currency_fraction_units": 100,
		"currency_name": "Kina",
		"currency_symbol": "K",
		"number_format": "#,###.##",
		"timezones": ["Pacific/Port_Moresby"],
		"calling_code": "675"
	},
	"Paraguay": {
		"code": "py",
		"currency": "PYG",
		"currency_fraction": "Céntimo",
		"currency_fraction_units": 100,
		"currency_name": "Guarani",
		"currency_symbol": "₲",
		"number_format": "#,###.##",
		"timezones": ["America/Asuncion"],
		"calling_code": "595"
	},
	"Peru": {
		"code": "pe",
		"currency": "PEN",
		"currency_fraction": "Céntimo",
		"currency_fraction_units": 100,
		"currency_name": "Nuevo Sol",
		"currency_symbol": "S/.",
		"number_format": "#,###.##",
		"timezones": ["America/Lima"],
		"calling_code": "51"
	},
	"Philippines": {
		"code": "ph",
		"currency": "PHP",
		"currency_fraction": "Centavo",
		"currency_fraction_units": 100,
		"currency_name": "Philippine Peso",
		"currency_symbol": "₱",
		"date_format": "mm-dd-yyyy",
		"number_format": "#,###.##",
		"timezones": ["Asia/Manila"],
		"calling_code": "63"
	},
	"Pitcairn": {
		"code": "pn",
		"number_format": "#,###.##",
		"timezones": ["Pacific/Pitcairn"],
		"calling_code": null
	},
	"Poland": {
		"code": "pl",
		"currency": "PLN",
		"currency_fraction": "Grosz",
		"currency_fraction_units": 100,
		"currency_symbol": "zł",
		"number_format": "#.###,##",
		"timezones": ["Europe/Warsaw"],
		"calling_code": "48"
	},
	"Portugal": {
		"code": "pt",
		"currency": "EUR",
		"currency_fraction": "Cent",
		"currency_fraction_units": 100,
		"smallest_currency_fraction_value": 0.01,
		"currency_symbol": "€",
		"number_format": "#,###.##",
		"timezones": ["Atlantic/Azores", "Atlantic/Madeira", "Europe/Lisbon"],
		"calling_code": "351"
	},
	"Puerto Rico": {
		"code": "pr",
		"number_format": "#,###.##",
		"timezones": ["America/Puerto_Rico"],
		"calling_code": "1939"
	},
	"Qatar": {
		"code": "qa",
		"currency": "QAR",
		"currency_fraction": "Dirham",
		"currency_fraction_units": 100,
		"currency_name": "Qatari Rial",
		"currency_symbol": "ر.ق",
		"number_format": "#,###.##",
		"timezones": ["Asia/Qatar"],
		"calling_code": "974"
	},
	"Romania": {
		"code": "ro",
		"currency": "RON",
		"currency_fraction": "Bani",
		"currency_fraction_units": 100,
		"currency_name": "Romanian New Leu",
		"currency_symbol": "lei",
		"number_format": "#,###.##",
		"timezones": ["Europe/Bucharest"],
		"calling_code": "40"
	},
	"Russian Federation": {
		"code": "ru",
		"currency": "RUB",
		"currency_name": "Russian Ruble",
		"number_format": "#.###,##",
		"calling_code": "7"
	},
	"Rwanda": {
		"code": "rw",
		"currency": "RWF",
		"currency_fraction": "Centime",
		"currency_fraction_units": 100,
		"currency_name": "Rwanda Franc",
		"currency_symbol": "Fr",
		"number_format": "#,###.##",
		"timezones": ["Africa/Kigali"],
		"calling_code": "250"
	},
	"Réunion": {
		"code": "re",
		"number_format": "#,###.##"
	},
	"Saint Barthélemy": {
		"code": "bl",
		"number_format": "#,###.##"
	},
	"Saint Helena, Ascension and Tristan da Cunha": {
		"code": "sh",
		"currency": "SHP",
		"currency_name": "Saint Helena Pound",
		"number_format": "#,###.##"
	},
	"Saint Kitts and Nevis": {
		"code": "kn",
		"currency_fraction": "Cent",
		"currency_fraction_units": 100,
		"currency_symbol": "$",
		"currency_name": "Eastern Carribean Dollar",
		"currency": "XCD",
		"number_format": "#,###.##",
		"timezones": ["America/St_Kitts"],
		"calling_code": "1869"
	},
	"Saint Lucia": {
		"code": "lc",
		"currency_fraction": "Cent",
		"currency_fraction_units": 100,
		"currency_symbol": "$",
		"currency_name": "Eastern Carribean Dollar",
		"currency": "XCD",
		"number_format": "#,###.##",
		"timezones": ["America/St_Lucia"],
		"calling_code": "1758"
	},
	"Saint Martin (French part)": {
		"code": "mf",
		"number_format": "#,###.##"
	},
	"Saint Pierre and Miquelon": {
		"code": "pm",
		"number_format": "#,###.##",
		"calling_code": "508"
	},
	"Saint Vincent and the Grenadines": {
		"code": "vc",
		"currency_fraction": "Cent",
		"currency_fraction_units": 100,
		"currency_symbol": "$",
		"currency_name": "Eastern Carribean Dollar",
		"currency": "XCD",
		"number_format": "#,###.##",
		"timezones": ["America/St_Vincent"],
		"calling_code": "1784"
	},
	"Samoa": {
		"code": "ws",
		"currency": "WST",
		"currency_fraction": "Sene",
		"currency_fraction_units": 100,
		"currency_name": "Tala",
		"currency_symbol": "T",
		"number_format": "#,###.##",
		"timezones": ["Pacific/Apia"],
		"calling_code": "685"
	},
	"San Marino": {
		"code": "sm",
		"currency": "EUR",
		"currency_fraction": "Cent",
		"currency_fraction_units": 100,
		"smallest_currency_fraction_value": 0.01,
		"currency_symbol": "€",
		"number_format": "#,###.##",
		"timezones": ["Europe/Rome"],
		"calling_code": "378"
	},
	"Sao Tome and Principe": {
		"code": "st",
		"currency": "STD",
		"currency_name": "Dobra",
		"number_format": "#,###.##",
		"calling_code": "239"
	},
	"Saudi Arabia": {
		"code": "sa",
		"currency": "SAR",
		"currency_fraction": "Halala",
		"currency_fraction_units": 100,
		"currency_name": "Saudi Riyal",
		"currency_symbol": "ر.س",
		"number_format": "#,###.##",
		"timezones": ["Asia/Riyadh"],
		"calling_code": "966"
	},
	"Senegal": {
		"code": "sn",
		"currency": "XOF",
		"currency_name": "West African CFA Franc",
		"currency_symbol": "CFA",
		"currency_fraction": "Centime",
		"currency_fraction_units": 100,
		"number_format": "#,###.##",
		"timezones": ["Africa/Dakar"],
		"calling_code": "221"
	},
	"Serbia": {
		"code": "rs",
		"currency": "RSD",
		"currency_fraction": "Para",
		"currency_fraction_units": 100,
		"currency_name": "Serbian Dinar",
		"currency_symbol": "дин.",
		"number_format": "#,###.##",
		"timezones": ["Europe/Belgrade"]
	},
	"Seychelles": {
		"code": "sc",
		"currency": "SCR",
		"currency_fraction": "Cent",
		"currency_fraction_units": 100,
		"currency_name": "Seychelles Rupee",
		"currency_symbol": "₨",
		"number_format": "#,###.##",
		"timezones": ["Indian/Mahe"],
		"calling_code": "248"
	},
	"Sierra Leone": {
		"code": "sl",
		"currency": "SLL",
		"currency_fraction": "Cent",
		"currency_fraction_units": 100,
		"currency_name": "Leone",
		"currency_symbol": "Le",
		"number_format": "#,###.##",
		"timezones": ["Africa/Freetown"],
		"calling_code": "232"
	},
	"Singapore": {
		"code": "sg",
		"currency": "SGD",
		"currency_fraction": "Sen",
		"currency_fraction_units": 100,
		"currency_name": "Singapore Dollar",
		"currency_symbol": "$",
		"number_format": "#,###.##",
		"timezones": ["Asia/Singapore"],
		"calling_code": "65"
	},
	"Sint Maarten (Dutch part)": {
		"code": "sx",
		"number_format": "#,###.##"
	},
	"Slovakia": {
		"code": "sk",
		"currency": "EUR",
		"currency_fraction": "Cent",
		"currency_fraction_units": 100,
		"smallest_currency_fraction_value": 0.01,
		"currency_symbol": "€",
		"number_format": "#,###.##",
		"timezones": ["Europe/Bratislava"],
		"calling_code": "421"
	},
	"Slovenia": {
		"code": "si",
		"currency": "EUR",
		"currency_fraction": "Cent",
		"currency_fraction_units": 100,
		"smallest_currency_fraction_value": 0.01,
		"currency_symbol": "€",
		"number_format": "#,###.##",
		"timezones": ["Europe/Belgrade"],
		"calling_code": "386"
	},
	"Solomon Islands": {
		"code": "sb",
		"currency": "SBD",
		"currency_fraction": "Cent",
		"currency_fraction_units": 100,
		"currency_name": "Solomon Islands Dollar",
		"currency_symbol": "$",
		"number_format": "#,###.##",
		"timezones": ["Pacific/Guadalcanal"],
		"calling_code": "677"
	},
	"Somalia": {
		"code": "so",
		"currency": "SOS",
		"currency_fraction": "Cent",
		"currency_fraction_units": 100,
		"currency_name": "Somali Shilling",
		"currency_symbol": "Sh",
		"number_format": "#,###.##",
		"timezones": ["Africa/Mogadishu"],
		"calling_code": "252"
	},
	"South Africa": {
		"code": "za",
		"currency": "ZAR",
		"currency_fraction": "Cent",
		"currency_fraction_units": 100,
		"currency_name": "Rand",
		"currency_symbol": "R",
		"date_format": "yyyy-mm-dd",
		"number_format": "# ###.##",
		"timezones": ["Africa/Johannesburg"],
		"calling_code": "27"
	},
	"South Georgia and the South Sandwich Islands": {
		"code": "gs",
		"currency_fraction": "Penny",
		"currency_fraction_units": 100,
		"currency_symbol": "£",
		"number_format": "#,###.##",
		"calling_code": "500"
	},
	"South Sudan": {
		"code": "ss",
		"currency_fraction": "Piastre",
		"currency_fraction_units": 100,
		"currency_symbol": "£",
		"number_format": "#,###.##",
		"timezones": ["Africa/Juba"],
		"calling_code": "211"
	},
	"Spain": {
		"code": "es",
		"currency": "EUR",
		"currency_fraction": "Cent",
		"currency_fraction_units": 100,
		"smallest_currency_fraction_value": 0.01,
		"currency_symbol": "€",
		"number_format": "#,###.##",
		"timezones": ["Africa/Ceuta", "Atlantic/Canary", "Europe/Madrid"],
		"calling_code": "34"
	},
	"Sri Lanka": {
		"code": "lk",
		"currency": "LKR",
		"currency_fraction": "Cent",
		"currency_fraction_units": 100,
		"currency_name": "Sri Lanka Rupee",
		"currency_symbol": "Rs",
		"number_format": "#,###.##",
		"timezones": ["Asia/Colombo"]
	},
	"Sudan": {
		"code": "sd",
		"currency_fraction": "Piastre",
		"currency_fraction_units": 100,
		"currency_symbol": "£",
		"number_format": "#,###.##",
		"timezones": ["Africa/Khartoum"],
		"calling_code": "249"
	},
	"Suriname": {
		"code": "sr",
		"currency": "SRD",
		"currency_fraction": "Cent",
		"currency_fraction_units": 100,
		"currency_symbol": "$",
		"number_format": "#,###.##",
		"timezones": ["America/Paramaribo"],
		"calling_code": "597"
	},
	"Svalbard and Jan Mayen": {
		"code": "sj",
		"number_format": "#,###.##",
		"calling_code": null
	},
	"Swaziland": {
		"code": "sz",
		"currency": "SZL",
		"currency_fraction": "Cent",
		"currency_fraction_units": 100,
		"currency_name": "Lilangeni",
		"currency_symbol": "L",
		"number_format": "#, ###.##",
		"timezones": ["Africa/Mbabane"],
		"calling_code": "268"
	},
	"Sweden": {
		"code": "se",
		"currency": "SEK",
		"currency_fraction": "Öre",
		"currency_fraction_units": 100,
		"currency_name": "Swedish Krona",
		"currency_symbol": "kr",
		"number_format": "#.###,##",
		"timezones": ["Europe/Stockholm"],
		"calling_code": "46"
	},
	"Switzerland": {
		"code": "ch",
		"currency": "CHF",
		"currency_fraction": "Rappen[K]",
		"currency_fraction_units": 100,
		"smallest_currency_fraction_value": 0.05,
		"currency_name": "Swiss Franc",
		"currency_symbol": "Fr",
		"number_format": "#'###.##",
		"timezones": ["Europe/Zurich"],
		"calling_code": "41"
	},
	"Syria": {
		"code": "sy",
		"currency": "SYP",
		"currency_name": "Syrian Pound",
		"number_format": "#,###.##",
		"calling_code": "963"
	},
	"Taiwan": {
		"code": "tw",
		"currency": "TWD",
		"date_format": "yyyy-mm-dd",
		"number_format": "#,###.##"
	},
	"Tajikistan": {
		"code": "tj",
		"currency_fraction": "Diram",
		"currency_fraction_units": 100,
		"currency_symbol": "ЅМ",
		"number_format": "#,###.##",
		"timezones": ["Asia/Dushanbe"],
		"calling_code": "992"
	},
	"Tanzania": {
		"code": "tz",
		"currency": "TZS",
		"currency_name": "Tanzanian Shilling",
		"number_format": "#,###.##",
		"calling_code": "255"
	},
	"Thailand": {
		"code": "th",
		"currency": "THB",
		"currency_fraction": "Satang",
		"currency_fraction_units": 100,
		"currency_name": "Baht",
		"currency_symbol": "฿",
		"number_format": "#,###.##",
		"timezones": ["Asia/Bangkok"],
		"calling_code": "66"
	},
	"Timor-Leste": {
		"code": "tl",
		"number_format": "#,###.##"
	},
	"Togo": {
		"code": "tg",
		"currency": "XOF",
		"currency_name": "West African CFA Franc",
		"currency_symbol": "CFA",
		"currency_fraction": "Centime",
		"currency_fraction_units": 100,
		"number_format": "#,###.##",
		"timezones": ["Africa/Lome"],
		"calling_code": "228"
	},
	"Tokelau": {
		"code": "tk",
		"number_format": "#,###.##",
		"timezones": ["Pacific/Fakaofo"],
		"calling_code": "690"
	},
	"Tonga": {
		"code": "to",
		"currency": "TOP",
		"currency_fraction": "Seniti[L]",
		"currency_fraction_units": 100,
		"currency_name": "Pa'anga",
		"currency_symbol": "T$",
		"number_format": "#,###.##",
		"timezones": ["Pacific/Tongatapu"],
		"calling_code": "676"
	},
	"Trinidad and Tobago": {
		"code": "tt",
		"currency": "TTD",
		"currency_fraction": "Cent",
		"currency_fraction_units": 100,
		"currency_name": "Trinidad and Tobago Dollar",
		"currency_symbol": "$",
		"number_format": "#,###.##",
		"timezones": ["America/Port_of_Spain"],
		"calling_code": "1868"
	},
	"Tunisia": {
		"code": "tn",
		"currency": "TND",
		"currency_fraction": "Millime",
		"currency_fraction_units": 1000,
		"currency_name": "Tunisian Dinar",
		"currency_symbol": "د.ت",
		"number_format": "#,###.###",
		"timezones": ["Africa/Tunis"],
		"calling_code": "216"
	},
	"Turkey": {
		"code": "tr",
		"currency": "TRY",
		"currency_fraction": "Kuruş",
		"currency_fraction_units": 100,
		"currency_symbol": "₺",
		"number_format": "#,###.##",
		"timezones": ["Europe/Istanbul"],
		"calling_code": "90"
	},
	"Turkmenistan": {
		"code": "tm",
		"currency": "TMM",
		"currency_fraction": "Tennesi",
		"currency_fraction_units": 100,
		"currency_name": "Manat",
		"currency_symbol": "m",
		"number_format": "#,###.##",
		"timezones": ["Asia/Ashgabat"],
		"calling_code": "993"
	},
	"Turks and Caicos Islands": {
		"code": "tc",
		"currency_fraction": "Cent",
		"currency_fraction_units": 100,
		"currency_symbol": "$",
		"number_format": "#,###.##",
		"calling_code": "1649"
	},
	"Tuvalu": {
		"code": "tv",
		"currency_fraction": "Cent",
		"currency_fraction_units": 100,
		"currency_symbol": "$",
		"number_format": "#,###.##",
		"timezones": ["Pacific/Funafuti"],
		"calling_code": "688"
	},
	"Uganda": {
		"code": "ug",
		"currency": "UGX",
		"currency_fraction": "Cent",
		"currency_fraction_units": 100,
		"currency_name": "Uganda Shilling",
		"currency_symbol": "Sh",
		"number_format": "#,###.##",
		"timezones": ["Africa/Kampala"],
		"calling_code": "256"
	},
	"Ukraine": {
		"code": "ua",
		"currency": "UAH",
		"currency_fraction": "Kopiyka",
		"currency_fraction_units": 100,
		"currency_name": "Ukrainian Hryvnia",
		"currency_symbol": "₴",
		"number_format": "#,###.##",
		"timezones": ["Europe/Kiev", "Europe/Simferopol", "Europe/Uzhgorod", "Europe/Zaporozhye"],
		"calling_code": "380"
	},
	"United Arab Emirates": {
		"code": "ae",
		"currency": "AED",
		"currency_fraction": "Fils",
		"currency_fraction_units": 100,
		"currency_name": "UAE Dirham",
		"currency_symbol": "د.إ",
		"number_format": "#,###.##",
		"timezones": ["Asia/Dubai"],
		"calling_code": "971"
	},
	"United Kingdom": {
		"code": "gb",
		"currency": "GBP",
		"currency_fraction": "Penny",
		"currency_fraction_units": 100,
		"currency_name": "Pound Sterling",
		"currency_symbol": "£",
		"number_format": "#,###.##",
		"timezones": ["Europe/London"],
		"calling_code": "44"
	},
	"United States": {
		"code": "us",
		"currency": "USD",
		"currency_fraction": "Cent",
		"currency_fraction_units": 100,
		"smallest_currency_fraction_value": 0.01,
		"currency_name": "US Dollar",
		"currency_symbol": "$",
		"date_format": "mm-dd-yyyy",
		"number_format": "#,###.##",
		"timezones": ["America/Adak", "America/Anchorage", "America/Boise", "America/Chicago", "America/Denver", "America/Detroit", "America/Indiana/Indianapolis", "America/Indiana/Knox", "America/Indiana/Marengo", "America/Indiana/Petersburg", "America/Indiana/Tell_City", "America/Indiana/Vevay", "America/Indiana/Vincennes", "America/Indiana/Winamac", "America/Juneau", "America/Kentucky/Louisville", "America/Kentucky/Monticello", "America/Los_Angeles", "America/Menominee", "America/Metlakatla", "America/New_York", "America/Nome", "America/North_Dakota/Beulah", "America/North_Dakota/Center", "America/North_Dakota/New_Salem", "America/Phoenix", "America/Denver", "America/Sitka", "America/Yakutat", "Pacific/Honolulu"],
		"calling_code": "1"
	},
	"United States Minor Outlying Islands": {
		"code": "um",
		"number_format": "#,###.##",
		"calling_code": null
	},
	"Uruguay": {
		"code": "uy",
		"currency": "UYU",
		"currency_fraction": "Centésimo",
		"currency_fraction_units": 100,
		"currency_name": "Peso Uruguayo",
		"currency_symbol": "$",
		"number_format": "#.###,##",
		"timezones": ["America/Montevideo"],
		"calling_code": "598"
	},
	"Uzbekistan": {
		"code": "uz",
		"currency": "UZS",
		"currency_fraction": "Tiyin",
		"currency_fraction_units": 100,
		"currency_name": "Uzbekistan Sum",
		"currency_symbol": "лв",
		"number_format": "#,###.##",
		"timezones": ["Asia/Samarkand", "Asia/Tashkent"],
		"calling_code": "998"
	},
	"Vanuatu": {
		"code": "vu",
		"currency": "VUV",
		"currency_fraction": "None",
		"currency_fraction_units": 0,
		"currency_name": "Vatu",
		"currency_symbol": "Vt",
		"number_format": "#,###",
		"timezones": ["Pacific/Efate"],
		"calling_code": "678"
	},
	"Venezuela, Bolivarian Republic of": {
		"code": "ve",
		"number_format": "#.###,##",
		"currency": "VEF",
		"currency_symbol": "Bs.",
		"currency_fraction": "Centimos",
		"currency_fraction_units": 100
	},
	"Vietnam": {
		"code": "vn",
		"currency": "VND",
		"currency_name": "Dong",
		"number_format": "#.###",
		"calling_code": "84"
	},
	"Virgin Islands, British": {
		"code": "vg",
		"number_format": "#,###.##",
		"calling_code": null
	},
	"Virgin Islands, U.S.": {
		"code": "vi",
		"number_format": "#,###.##",
		"calling_code": null
	},
	"Wallis and Futuna": {
		"code": "wf",
		"currency_fraction": "Centime",
		"currency_fraction_units": 100,
		"currency_symbol": "Fr",
		"number_format": "#,###.##",
		"calling_code": "681"
	},
	"Western Sahara": {
		"code": "eh",
		"number_format": "#,###.##",
		"timezones": ["Africa/El_Aaiun"],
		"calling_code": null
	},
	"Yemen": {
		"code": "ye",
	"currency": "YER",
		"currency_fraction": "Fils",
		"currency_fraction_units": 100,
		"smallest_currency_fraction_value": 0.01,
		"currency_name": "Yemeni Rial",
		"currency_symbol": "﷼",
		"number_format": "#,###.##",
		"timezones": ["Asia/Aden"],
		"calling_code": "967"
	},
	"Zambia": {
		"code": "zm",
		"currency": "ZMW",
		"currency_fraction": "Ngwee",
		"currency_fraction_units": 100,
		"currency_name": "Zambian Kwacha",
		"currency_symbol": "ZK",
		"number_format": "#,###.##",
		"timezones": ["Africa/Lusaka"],
		"calling_code": "260"
	},
	"Zimbabwe": {
		"code": "zw",
		"currency": "ZWD",
		"currency_fraction": "Thebe",
		"currency_fraction_units": 100,
		"currency_name": "Zimbabwe Dollar",
		"currency_symbol": "P",
		"number_format": "# ###.##",
		"timezones": ["Africa/Harare"],
		"calling_code": "263"
	},
	"Åland Islands": {
		"code": "ax",
		"number_format": "#,###.##"
	}
}